,27,28,29,30,31,32,33,34,36,37,38,39,40,41,43,46,47,48,49,50,58
0,False,False,False,False,False,False,True,False,False,False,False,False,False,False,False,False,False,False,False,False,False
1,False,False,False,False,False,False,False,False,False,False,False,False,False,False,False,False,False,False,False,True,False
2,False,False,False,False,False,False,False,False,False,False,True,False,False,False,False,False,False,False,False,False,False
3,False,False,False,False,False,False,False,False,False,False,False,True,False,False,False,False,False,False,False,False,False
4,False,False,False,False,False,False,True,False,False,False,False,False,False,False,False,False,False,False,False,False,False
5,False,False,False,False,False,False,False,False,False,False,True,False,False,False,False,False,False,False,False,False,False
6,False,True,False,False,False,False,False,False,False,False,False,False,False,False,False,False,False,False,False,False,False
7,False,False,False,False,False,False,False,False,True,False,False,False,False,False,False,False,False,False,False,False,False
8,False,False,False,False,False,False,False,True,False,False,False,False,False,False,False,False,False,False,False,False,False
9,False,False,False,False,False,False,False,False,False,True,False,False,False,False,False,False,False,False,False,False,False
10,False,False,False,False,False,False,False,False,True,False,False,False,False,False,False,False,False,False,False,False,False
11,False,False,False,False,False,False,False,False,True,False,False,False,False,False,False,False,False,False,False,False,False
12,False,False,False,False,False,False,False,False,True,False,False,False,False,False,False,False,False,False,False,False,False
13,False,False,False,False,False,False,False,False,False,False,True,False,False,False,False,False,False,False,False,False,False
14,False,False,False,False,False,False,False,False,False,False,True,False,False,False,False,False,False,False,False,False,False
15,False,False,False,False,False,False,False,False,False,False,False,False,False,True,False,False,False,False,False,False,False
16,False,False,False,False,False,False,False,False,False,False,True,False,False,False,False,False,False,False,False,False,False
17,False,False,False,False,False,False,False,False,False,False,True,False,False,False,False,False,False,False,False,False,False
18,False,False,False,False,False,False,True,False,False,False,False,False,False,False,False,False,False,False,False,False,False
19,False,False,False,False,False,False,False,False,False,False,False,False,False,False,False,False,True,False,False,False,False
20,False,True,False,False,False,False,False,False,False,False,False,False,False,False,False,False,False,False,False,False,False
21,False,False,False,False,False,False,False,False,False,False,True,False,False,False,False,False,False,False,False,False,False
22,False,True,False,False,False,False,False,False,False,False,False,False,False,False,False,False,False,False,False,False,False
23,False,False,False,False,False,False,False,False,True,False,False,False,False,False,False,False,False,False,False,False,False
24,False,False,False,False,False,False,True,False,False,False,False,False,False,False,False,False,False,False,False,False,False
25,False,True,False,False,False,False,False,False,False,False,False,False,False,False,False,False,False,False,False,False,False
26,False,False,False,False,False,False,True,False,False,False,False,False,False,False,False,False,False,False,False,False,False
27,False,False,True,False,False,False,False,False,False,False,False,False,False,False,False,False,False,False,False,False,False
28,False,False,False,False,False,False,True,False,False,False,False,False,False,False,False,False,False,False,False,False,False
29,False,False,False,False,False,False,False,False,False,False,True,False,False,False,False,False,False,False,False,False,False
30,False,False,False,False,False,False,False,False,False,False,True,False,False,False,False,False,False,False,False,False,False
31,False,False,False,False,False,False,False,False,False,False,False,False,False,False,False,False,False,True,False,False,False
32,False,False,False,False,False,False,False,False,False,True,False,False,False,False,False,False,False,False,False,False,False
33,False,False,False,False,False,False,False,False,False,False,False,False,False,False,False,False,False,True,False,False,False
34,False,False,False,False,False,False,False,False,False,False,True,False,False,False,False,False,False,False,False,False,False
35,False,True,False,False,False,False,False,False,False,False,False,False,False,False,False,False,False,False,False,False,False
36,False,False,False,False,False,False,True,False,False,False,False,False,False,False,False,False,False,False,False,False,False
37,False,False,False,False,False,True,False,False,False,False,False,False,False,False,False,False,False,False,False,False,False
38,False,False,False,False,False,False,False,False,False,False,False,False,False,False,False,False,False,True,False,False,False
39,False,False,False,False,False,False,False,False,True,False,False,False,False,False,False,False,False,False,False,False,False
40,True,False,False,False,False,False,False,False,False,False,False,False,False,False,False,False,False,False,False,False,False
41,False,False,False,False,False,False,False,False,False,True,False,False,False,False,False,False,False,False,False,False,False
42,False,False,False,False,False,False,False,False,False,False,True,False,False,False,False,False,False,False,False,False,False
43,False,False,False,False,False,False,False,False,False,False,False,False,False,False,True,False,False,False,False,False,False
44,False,False,False,False,False,False,False,True,False,False,False,False,False,False,False,False,False,False,False,False,False
45,False,False,False,False,False,False,False,False,False,True,False,False,False,False,False,False,False,False,False,False,False
46,False,False,False,False,False,False,False,False,False,False,True,False,False,False,False,False,False,False,False,False,False
47,False,False,False,False,False,False,False,False,False,False,False,False,True,False,False,False,False,False,False,False,False
48,False,False,False,False,False,False,False,False,True,False,False,False,False,False,False,False,False,False,False,False,False
49,False,False,False,False,False,False,False,False,False,False,False,False,True,False,False,False,False,False,False,False,False
50,False,False,False,False,False,False,False,False,True,False,False,False,False,False,False,False,False,False,False,False,False
51,False,True,False,False,False,False,False,False,False,False,False,False,False,False,False,False,False,False,False,False,False
52,False,True,False,False,False,False,False,False,False,False,False,False,False,False,False,False,False,False,False,False,False
53,False,False,False,False,False,False,False,False,False,True,False,False,False,False,False,False,False,False,False,False,False
54,False,False,False,False,False,False,True,False,False,False,False,False,False,False,False,False,False,False,False,False,False
55,False,False,False,False,False,False,False,False,False,False,False,False,False,False,False,False,False,False,False,True,False
56,False,True,False,False,False,False,False,False,False,False,False,False,False,False,False,False,False,False,False,False,False
57,False,False,False,False,False,False,False,False,False,False,True,False,False,False,False,False,False,False,False,False,False
58,False,False,False,False,True,False,False,False,False,False,False,False,False,False,False,False,False,False,False,False,False
59,False,False,False,False,False,False,False,False,False,False,False,False,False,False,False,False,True,False,False,False,False
60,False,False,False,False,False,False,False,False,False,False,True,False,False,False,False,False,False,False,False,False,False
61,False,False,False,False,False,False,False,False,True,False,False,False,False,False,False,False,False,False,False,False,False
62,False,False,False,False,False,False,False,False,False,False,True,False,False,False,False,False,False,False,False,False,False
63,False,False,False,False,False,False,False,False,False,True,False,False,False,False,False,False,False,False,False,False,False
64,False,False,False,False,False,False,False,False,False,False,False,False,False,False,False,False,False,False,False,True,False
65,False,False,False,True,False,False,False,False,False,False,False,False,False,False,False,False,False,False,False,False,False
66,False,False,False,False,False,False,False,False,False,False,True,False,False,False,False,False,False,False,False,False,False
67,False,True,False,False,False,False,False,False,False,False,False,False,False,False,False,False,False,False,False,False,False
68,False,False,False,False,False,False,False,False,False,True,False,False,False,False,False,False,False,False,False,False,False
69,False,True,False,False,False,False,False,False,False,False,False,False,False,False,False,False,False,False,False,False,False
70,False,False,False,False,False,False,False,False,False,False,False,False,False,False,False,False,True,False,False,False,False
71,False,False,False,False,False,False,False,False,False,False,False,False,True,False,False,False,False,False,False,False,False
72,False,False,False,False,False,False,False,False,False,False,True,False,False,False,False,False,False,False,False,False,False
73,False,True,False,False,False,False,False,False,False,False,False,False,False,False,False,False,False,False,False,False,False
74,False,False,False,False,False,False,False,False,True,False,False,False,False,False,False,False,False,False,False,False,False
75,False,False,False,False,False,False,False,False,False,False,False,False,True,False,False,False,False,False,False,False,False
76,False,True,False,False,False,False,False,False,False,False,False,False,False,False,False,False,False,False,False,False,False
77,False,False,False,False,False,False,True,False,False,False,False,False,False,False,False,False,False,False,False,False,False
78,False,True,False,False,False,False,False,False,False,False,False,False,False,False,False,False,False,False,False,False,False
79,False,False,False,False,False,False,False,False,True,False,False,False,False,False,False,False,False,False,False,False,False
80,False,False,False,False,False,False,False,False,False,False,True,False,False,False,False,False,False,False,False,False,False
81,False,True,False,False,False,False,False,False,False,False,False,False,False,False,False,False,False,False,False,False,False
82,False,False,False,False,False,False,False,False,False,False,True,False,False,False,False,False,False,False,False,False,False
83,False,False,False,False,False,False,False,False,False,False,False,False,True,False,False,False,False,False,False,False,False
84,False,False,False,False,False,False,False,False,False,False,False,False,True,False,False,False,False,False,False,False,False
85,False,False,False,False,False,False,False,True,False,False,False,False,False,False,False,False,False,False,False,False,False
86,False,False,False,False,False,False,True,False,False,False,False,False,False,False,False,False,False,False,False,False,False
87,False,False,False,False,False,False,False,False,False,False,False,False,True,False,False,False,False,False,False,False,False
88,False,True,False,False,False,False,False,False,False,False,False,False,False,False,False,False,False,False,False,False,False
89,False,False,False,False,False,False,False,True,False,False,False,False,False,False,False,False,False,False,False,False,False
90,False,True,False,False,False,False,False,False,False,False,False,False,False,False,False,False,False,False,False,False,False
91,False,False,False,False,False,False,False,False,False,False,False,False,True,False,False,False,False,False,False,False,False
92,False,True,False,False,False,False,False,False,False,False,False,False,False,False,False,False,False,False,False,False,False
93,False,False,False,False,False,False,False,False,True,False,False,False,False,False,False,False,False,False,False,False,False
94,False,False,False,False,False,False,False,False,False,False,False,False,False,False,False,False,True,False,False,False,False
95,False,True,False,False,False,False,False,False,False,False,False,False,False,False,False,False,False,False,False,False,False
96,False,False,False,False,False,False,True,False,False,False,False,False,False,False,False,False,False,False,False,False,False
97,False,False,False,False,False,False,False,False,False,False,False,False,True,False,False,False,False,False,False,False,False
98,False,False,False,False,False,False,False,False,False,False,False,False,False,False,False,False,True,False,False,False,False
99,False,False,False,False,False,False,False,False,False,True,False,False,False,False,False,False,False,False,False,False,False
100,False,False,False,False,False,False,False,False,False,False,False,False,False,False,False,False,False,False,False,True,False
101,False,False,False,False,False,False,False,False,False,True,False,False,False,False,False,False,False,False,False,False,False
102,False,True,False,False,False,False,False,False,False,False,False,False,False,False,False,False,False,False,False,False,False
103,False,False,False,False,False,False,False,False,True,False,False,False,False,False,False,False,False,False,False,False,False
104,False,False,False,False,False,False,False,False,False,True,False,False,False,False,False,False,False,False,False,False,False
105,False,True,False,False,False,False,False,False,False,False,False,False,False,False,False,False,False,False,False,False,False
106,False,True,False,False,False,False,False,False,False,False,False,False,False,False,False,False,False,False,False,False,False
107,False,False,False,False,False,False,False,False,True,False,False,False,False,False,False,False,False,False,False,False,False
108,False,True,False,False,False,False,False,False,False,False,False,False,False,False,False,False,False,False,False,False,False
109,False,True,False,False,False,False,False,False,False,False,False,False,False,False,False,False,False,False,False,False,False
110,False,False,False,False,False,False,False,False,False,True,False,False,False,False,False,False,False,False,False,False,False
111,False,False,False,False,False,False,False,False,False,False,False,False,False,True,False,False,False,False,False,False,False
112,False,True,False,False,False,False,False,False,False,False,False,False,False,False,False,False,False,False,False,False,False
113,False,True,False,False,False,False,False,False,False,False,False,False,False,False,False,False,False,False,False,False,False
114,False,False,False,False,False,False,False,False,False,True,False,False,False,False,False,False,False,False,False,False,False
115,False,False,False,False,False,False,False,False,False,True,False,False,False,False,False,False,False,False,False,False,False
116,False,False,False,False,False,False,False,True,False,False,False,False,False,False,False,False,False,False,False,False,False
117,False,True,False,False,False,False,False,False,False,False,False,False,False,False,False,False,False,False,False,False,False
118,True,False,False,False,False,False,False,False,False,False,False,False,False,False,False,False,False,False,False,False,False
119,False,True,False,False,False,False,False,False,False,False,False,False,False,False,False,False,False,False,False,False,False
120,False,True,False,False,False,False,False,False,False,False,False,False,False,False,False,False,False,False,False,False,False
121,False,False,False,False,False,False,False,False,False,True,False,False,False,False,False,False,False,False,False,False,False
122,False,True,False,False,False,False,False,False,False,False,False,False,False,False,False,False,False,False,False,False,False
123,False,False,False,False,False,False,False,False,False,True,False,False,False,False,False,False,False,False,False,False,False
124,False,False,False,False,False,False,False,False,False,True,False,False,False,False,False,False,False,False,False,False,False
125,False,False,False,False,False,False,False,False,False,True,False,False,False,False,False,False,False,False,False,False,False
126,False,False,False,False,False,False,False,False,False,True,False,False,False,False,False,False,False,False,False,False,False
127,False,False,False,False,False,False,False,False,False,True,False,False,False,False,False,False,False,False,False,False,False
128,False,False,False,False,False,False,False,False,False,True,False,False,False,False,False,False,False,False,False,False,False
129,False,False,False,True,False,False,False,False,False,False,False,False,False,False,False,False,False,False,False,False,False
130,False,False,False,False,False,False,True,False,False,False,False,False,False,False,False,False,False,False,False,False,False
131,False,False,False,False,False,False,False,False,False,True,False,False,False,False,False,False,False,False,False,False,False
132,True,False,False,False,False,False,False,False,False,False,False,False,False,False,False,False,False,False,False,False,False
133,False,False,False,False,False,False,False,False,False,True,False,False,False,False,False,False,False,False,False,False,False
134,False,False,False,False,False,False,False,False,False,True,False,False,False,False,False,False,False,False,False,False,False
135,False,True,False,False,False,False,False,False,False,False,False,False,False,False,False,False,False,False,False,False,False
136,False,False,False,False,False,False,True,False,False,False,False,False,False,False,False,False,False,False,False,False,False
137,True,False,False,False,False,False,False,False,False,False,False,False,False,False,False,False,False,False,False,False,False
138,False,False,False,False,False,False,False,False,False,False,False,False,False,True,False,False,False,False,False,False,False
139,False,False,False,False,False,False,False,False,False,False,True,False,False,False,False,False,False,False,False,False,False
140,False,False,False,False,False,False,False,True,False,False,False,False,False,False,False,False,False,False,False,False,False
141,False,False,False,False,False,False,True,False,False,False,False,False,False,False,False,False,False,False,False,False,False
142,False,False,False,False,False,False,False,False,True,False,False,False,False,False,False,False,False,False,False,False,False
143,False,False,False,False,False,False,True,False,False,False,False,False,False,False,False,False,False,False,False,False,False
144,False,False,False,False,False,False,False,False,False,False,False,False,False,False,False,False,False,False,False,True,False
145,False,False,False,False,False,False,False,False,False,False,False,False,False,False,False,False,False,False,False,True,False
146,False,True,False,False,False,False,False,False,False,False,False,False,False,False,False,False,False,False,False,False,False
147,False,True,False,False,False,False,False,False,False,False,False,False,False,False,False,False,False,False,False,False,False
148,False,False,False,True,False,False,False,False,False,False,False,False,False,False,False,False,False,False,False,False,False
149,True,False,False,False,False,False,False,False,False,False,False,False,False,False,False,False,False,False,False,False,False
150,False,True,False,False,False,False,False,False,False,False,False,False,False,False,False,False,False,False,False,False,False
151,False,True,False,False,False,False,False,False,False,False,False,False,False,False,False,False,False,False,False,False,False
152,False,True,False,False,False,False,False,False,False,False,False,False,False,False,False,False,False,False,False,False,False
153,False,True,False,False,False,False,False,False,False,False,False,False,False,False,False,False,False,False,False,False,False
154,False,False,False,False,False,False,True,False,False,False,False,False,False,False,False,False,False,False,False,False,False
155,False,False,False,False,False,True,False,False,False,False,False,False,False,False,False,False,False,False,False,False,False
156,False,False,False,False,False,False,False,False,True,False,False,False,False,False,False,False,False,False,False,False,False
157,False,False,True,False,False,False,False,False,False,False,False,False,False,False,False,False,False,False,False,False,False
158,False,False,False,False,False,False,False,False,False,False,False,False,True,False,False,False,False,False,False,False,False
159,False,False,False,False,False,False,False,False,False,False,False,False,True,False,False,False,False,False,False,False,False
160,False,False,False,False,False,False,False,False,True,False,False,False,False,False,False,False,False,False,False,False,False
161,False,False,False,True,False,False,False,False,False,False,False,False,False,False,False,False,False,False,False,False,False
162,False,False,False,False,False,False,False,False,False,False,False,False,False,False,False,False,True,False,False,False,False
163,False,False,False,False,False,False,False,False,True,False,False,False,False,False,False,False,False,False,False,False,False
164,False,False,False,False,False,False,False,False,False,False,False,False,True,False,False,False,False,False,False,False,False
165,False,False,False,False,False,False,False,True,False,False,False,False,False,False,False,False,False,False,False,False,False
166,False,False,False,False,False,False,False,False,True,False,False,False,False,False,False,False,False,False,False,False,False
167,False,False,False,False,False,False,False,True,False,False,False,False,False,False,False,False,False,False,False,False,False
168,False,False,False,False,False,False,True,False,False,False,False,False,False,False,False,False,False,False,False,False,False
169,False,False,False,False,False,False,False,False,False,False,False,False,True,False,False,False,False,False,False,False,False
170,False,False,False,False,False,False,False,False,True,False,False,False,False,False,False,False,False,False,False,False,False
171,False,True,False,False,False,False,False,False,False,False,False,False,False,False,False,False,False,False,False,False,False
172,False,False,False,False,False,False,False,False,False,False,False,True,False,False,False,False,False,False,False,False,False
173,False,False,False,False,False,False,False,False,False,False,True,False,False,False,False,False,False,False,False,False,False
174,False,True,False,False,False,False,False,False,False,False,False,False,False,False,False,False,False,False,False,False,False
175,False,True,False,False,False,False,False,False,False,False,False,False,False,False,False,False,False,False,False,False,False
176,False,False,False,True,False,False,False,False,False,False,False,False,False,False,False,False,False,False,False,False,False
177,False,True,False,False,False,False,False,False,False,False,False,False,False,False,False,False,False,False,False,False,False
178,False,True,False,False,False,False,False,False,False,False,False,False,False,False,False,False,False,False,False,False,False
179,False,False,False,False,False,False,False,False,False,False,True,False,False,False,False,False,False,False,False,False,False
180,False,False,False,False,False,False,False,False,False,False,False,True,False,False,False,False,False,False,False,False,False
181,False,True,False,False,False,False,False,False,False,False,False,False,False,False,False,False,False,False,False,False,False
182,False,False,False,False,False,False,False,False,False,False,False,False,False,False,False,False,True,False,False,False,False
183,False,True,False,False,False,False,False,False,False,False,False,False,False,False,False,False,False,False,False,False,False
184,False,False,False,False,False,False,False,False,False,False,False,False,True,False,False,False,False,False,False,False,False
185,False,True,False,False,False,False,False,False,False,False,False,False,False,False,False,False,False,False,False,False,False
186,False,False,False,False,False,False,False,True,False,False,False,False,False,False,False,False,False,False,False,False,False
187,False,False,False,False,False,False,False,False,False,False,False,False,False,True,False,False,False,False,False,False,False
188,False,False,False,False,False,False,False,True,False,False,False,False,False,False,False,False,False,False,False,False,False
189,False,True,False,False,False,False,False,False,False,False,False,False,False,False,False,False,False,False,False,False,False
190,False,False,False,False,False,False,False,False,True,False,False,False,False,False,False,False,False,False,False,False,False
191,False,False,False,False,False,False,False,False,False,False,True,False,False,False,False,False,False,False,False,False,False
192,False,False,False,False,False,False,False,False,False,False,False,False,False,False,False,False,False,False,False,True,False
193,False,False,False,False,False,False,False,False,False,False,False,False,True,False,False,False,False,False,False,False,False
194,False,False,False,False,False,False,False,False,False,False,False,False,False,True,False,False,False,False,False,False,False
195,False,False,False,False,False,False,False,False,False,False,False,False,True,False,False,False,False,False,False,False,False
196,False,False,False,False,False,False,False,False,False,False,False,False,False,False,False,False,True,False,False,False,False
197,False,False,False,False,False,False,False,False,True,False,False,False,False,False,False,False,False,False,False,False,False
198,False,False,False,False,False,False,True,False,False,False,False,False,False,False,False,False,False,False,False,False,False
199,False,False,False,False,False,False,False,True,False,False,False,False,False,False,False,False,False,False,False,False,False
200,False,False,False,False,False,False,False,False,True,False,False,False,False,False,False,False,False,False,False,False,False
201,False,False,False,False,False,False,True,False,False,False,False,False,False,False,False,False,False,False,False,False,False
202,False,False,False,False,False,False,False,False,False,True,False,False,False,False,False,False,False,False,False,False,False
203,False,False,False,False,False,False,False,False,False,False,False,False,False,False,False,False,False,True,False,False,False
204,False,False,False,False,False,False,True,False,False,False,False,False,False,False,False,False,False,False,False,False,False
205,False,False,False,False,False,False,False,True,False,False,False,False,False,False,False,False,False,False,False,False,False
206,False,False,False,False,False,False,False,True,False,False,False,False,False,False,False,False,False,False,False,False,False
207,False,False,False,False,False,False,False,False,False,False,True,False,False,False,False,False,False,False,False,False,False
208,False,True,False,False,False,False,False,False,False,False,False,False,False,False,False,False,False,False,False,False,False
209,True,False,False,False,False,False,False,False,False,False,False,False,False,False,False,False,False,False,False,False,False
210,False,False,False,False,False,False,False,True,False,False,False,False,False,False,False,False,False,False,False,False,False
211,False,False,False,False,False,False,False,False,False,False,True,False,False,False,False,False,False,False,False,False,False
212,False,False,False,False,False,False,True,False,False,False,False,False,False,False,False,False,False,False,False,False,False
213,False,False,False,False,False,False,False,False,False,False,False,True,False,False,False,False,False,False,False,False,False
214,False,True,False,False,False,False,False,False,False,False,False,False,False,False,False,False,False,False,False,False,False
215,False,False,False,False,False,False,False,False,True,False,False,False,False,False,False,False,False,False,False,False,False
216,False,False,False,False,False,False,False,False,False,False,False,False,False,False,False,False,False,False,False,True,False
217,False,False,False,False,False,False,False,False,False,False,True,False,False,False,False,False,False,False,False,False,False
218,False,False,False,False,False,False,False,False,False,False,False,False,False,False,False,False,False,False,False,True,False
219,False,True,False,False,False,False,False,False,False,False,False,False,False,False,False,False,False,False,False,False,False
220,False,False,False,False,False,False,False,False,False,False,False,False,False,True,False,False,False,False,False,False,False
221,False,True,False,False,False,False,False,False,False,False,False,False,False,False,False,False,False,False,False,False,False
222,False,False,False,False,False,False,False,False,False,False,False,False,False,True,False,False,False,False,False,False,False
223,False,False,False,False,False,False,False,False,False,False,False,False,True,False,False,False,False,False,False,False,False
224,False,False,False,False,False,False,False,False,False,False,False,False,False,True,False,False,False,False,False,False,False
225,False,False,False,False,False,False,False,False,False,False,True,False,False,False,False,False,False,False,False,False,False
226,False,False,False,False,False,False,False,True,False,False,False,False,False,False,False,False,False,False,False,False,False
227,False,False,False,False,False,False,False,False,False,False,False,False,False,True,False,False,False,False,False,False,False
228,False,False,False,False,False,False,False,False,False,False,False,False,False,False,False,False,False,False,False,True,False
229,False,False,False,False,False,False,False,False,False,True,False,False,False,False,False,False,False,False,False,False,False
230,False,False,False,False,False,False,False,False,False,False,False,False,False,False,False,False,False,False,False,True,False
231,False,False,False,False,False,False,False,False,False,False,False,False,False,False,False,False,False,False,False,True,False
232,False,False,False,False,False,False,False,False,True,False,False,False,False,False,False,False,False,False,False,False,False
233,False,False,False,False,False,False,False,False,False,False,True,False,False,False,False,False,False,False,False,False,False
234,False,False,False,False,False,False,False,False,False,False,False,False,False,False,False,False,False,False,True,False,False
235,False,True,False,False,False,False,False,False,False,False,False,False,False,False,False,False,False,False,False,False,False
236,False,False,False,False,False,False,False,True,False,False,False,False,False,False,False,False,False,False,False,False,False
237,False,False,False,False,False,False,False,False,False,False,False,False,False,False,False,False,False,False,False,True,False
238,False,False,False,False,False,False,False,False,False,True,False,False,False,False,False,False,False,False,False,False,False
239,False,False,False,False,False,False,False,False,False,True,False,False,False,False,False,False,False,False,False,False,False
240,False,True,False,False,False,False,False,False,False,False,False,False,False,False,False,False,False,False,False,False,False
241,False,False,False,True,False,False,False,False,False,False,False,False,False,False,False,False,False,False,False,False,False
242,False,False,False,False,False,False,False,True,False,False,False,False,False,False,False,False,False,False,False,False,False
243,False,True,False,False,False,False,False,False,False,False,False,False,False,False,False,False,False,False,False,False,False
244,False,True,False,False,False,False,False,False,False,False,False,False,False,False,False,False,False,False,False,False,False
245,False,False,True,False,False,False,False,False,False,False,False,False,False,False,False,False,False,False,False,False,False
246,False,True,False,False,False,False,False,False,False,False,False,False,False,False,False,False,False,False,False,False,False
247,False,False,False,False,False,False,True,False,False,False,False,False,False,False,False,False,False,False,False,False,False
248,False,False,False,False,False,False,False,False,False,False,True,False,False,False,False,False,False,False,False,False,False
249,False,False,False,False,False,False,True,False,False,False,False,False,False,False,False,False,False,False,False,False,False
250,False,False,False,False,False,False,True,False,False,False,False,False,False,False,False,False,False,False,False,False,False
251,False,False,False,False,False,False,False,False,True,False,False,False,False,False,False,False,False,False,False,False,False
252,False,False,False,False,False,False,True,False,False,False,False,False,False,False,False,False,False,False,False,False,False
253,False,False,True,False,False,False,False,False,False,False,False,False,False,False,False,False,False,False,False,False,False
254,False,False,False,False,False,False,True,False,False,False,False,False,False,False,False,False,False,False,False,False,False
255,False,False,False,False,False,False,False,False,False,False,False,False,False,False,False,False,False,False,False,False,True
256,False,False,False,False,False,False,False,False,False,False,False,False,False,False,True,False,False,False,False,False,False
257,False,False,False,False,False,False,False,False,False,False,False,False,False,False,True,False,False,False,False,False,False
258,False,False,False,False,False,False,False,False,True,False,False,False,False,False,False,False,False,False,False,False,False
259,False,False,False,False,False,False,True,False,False,False,False,False,False,False,False,False,False,False,False,False,False
260,False,False,False,False,False,False,False,False,False,False,False,False,False,False,False,False,True,False,False,False,False
261,False,False,False,False,False,False,True,False,False,False,False,False,False,False,False,False,False,False,False,False,False
262,False,False,False,True,False,False,False,False,False,False,False,False,False,False,False,False,False,False,False,False,False
263,False,False,False,False,False,False,False,False,False,False,False,False,False,False,False,False,False,False,False,True,False
264,False,False,False,False,False,False,False,False,False,False,False,False,False,False,False,False,True,False,False,False,False
265,False,False,False,False,False,False,False,False,False,True,False,False,False,False,False,False,False,False,False,False,False
266,False,False,False,False,False,False,False,False,False,False,False,False,False,False,False,False,False,False,False,True,False
267,False,False,False,False,False,False,False,False,False,True,False,False,False,False,False,False,False,False,False,False,False
268,False,True,False,False,False,False,False,False,False,False,False,False,False,False,False,False,False,False,False,False,False
269,True,False,False,False,False,False,False,False,False,False,False,False,False,False,False,False,False,False,False,False,False
270,False,False,False,False,False,False,False,False,False,False,True,False,False,False,False,False,False,False,False,False,False
271,False,False,False,False,False,False,False,False,False,False,True,False,False,False,False,False,False,False,False,False,False
272,False,False,False,False,False,False,True,False,False,False,False,False,False,False,False,False,False,False,False,False,False
273,False,False,False,False,False,False,False,False,False,False,False,False,False,False,True,False,False,False,False,False,False
274,False,False,False,False,False,False,False,False,False,False,False,False,False,True,False,False,False,False,False,False,False
275,False,False,False,False,False,False,False,False,False,False,False,False,True,False,False,False,False,False,False,False,False
276,False,False,False,False,False,False,False,False,False,False,False,True,False,False,False,False,False,False,False,False,False
277,False,False,False,False,False,True,False,False,False,False,False,False,False,False,False,False,False,False,False,False,False
278,False,False,False,False,False,False,False,False,False,False,True,False,False,False,False,False,False,False,False,False,False
279,False,False,False,False,False,False,False,False,False,False,False,False,False,True,False,False,False,False,False,False,False
280,False,False,False,False,False,False,False,False,False,False,True,False,False,False,False,False,False,False,False,False,False
281,False,False,False,False,False,False,False,False,False,False,False,False,True,False,False,False,False,False,False,False,False
282,False,False,False,False,False,False,False,False,True,False,False,False,False,False,False,False,False,False,False,False,False
283,False,False,False,False,False,False,False,False,False,False,False,False,False,False,True,False,False,False,False,False,False
284,False,False,False,False,False,False,False,False,False,False,False,False,False,False,False,False,False,False,False,True,False
285,False,False,False,False,False,False,False,False,False,False,False,False,False,False,True,False,False,False,False,False,False
286,False,False,False,False,False,False,False,False,False,False,False,False,True,False,False,False,False,False,False,False,False
287,False,False,False,False,False,False,False,False,False,False,False,False,True,False,False,False,False,False,False,False,False
288,False,False,False,False,False,False,False,False,False,False,True,False,False,False,False,False,False,False,False,False,False
289,False,False,False,False,False,False,True,False,False,False,False,False,False,False,False,False,False,False,False,False,False
290,False,False,False,False,False,False,False,False,False,True,False,False,False,False,False,False,False,False,False,False,False
291,False,False,False,False,False,False,True,False,False,False,False,False,False,False,False,False,False,False,False,False,False
292,False,False,False,False,False,False,True,False,False,False,False,False,False,False,False,False,False,False,False,False,False
293,False,False,False,False,False,False,False,False,False,False,False,False,False,False,False,False,False,False,False,True,False
294,False,False,False,False,False,False,False,False,False,False,False,False,False,False,False,False,True,False,False,False,False
295,False,False,False,True,False,False,False,False,False,False,False,False,False,False,False,False,False,False,False,False,False
296,False,False,False,False,False,False,False,False,False,True,False,False,False,False,False,False,False,False,False,False,False
297,False,False,False,False,True,False,False,False,False,False,False,False,False,False,False,False,False,False,False,False,False
298,False,False,False,False,False,False,False,False,False,False,True,False,False,False,False,False,False,False,False,False,False
299,False,False,False,True,False,False,False,False,False,False,False,False,False,False,False,False,False,False,False,False,False
300,False,False,False,False,False,False,False,False,False,False,False,False,False,False,True,False,False,False,False,False,False
301,False,False,False,False,False,False,True,False,False,False,False,False,False,False,False,False,False,False,False,False,False
302,False,False,False,False,False,False,False,False,True,False,False,False,False,False,False,False,False,False,False,False,False
303,False,False,False,False,False,False,False,False,False,False,False,False,False,False,True,False,False,False,False,False,False
304,False,False,False,False,False,False,False,False,False,False,False,False,False,False,True,False,False,False,False,False,False
305,False,False,False,False,False,False,False,False,False,False,False,False,False,False,True,False,False,False,False,False,False
306,False,False,False,False,False,False,False,False,False,False,False,False,False,False,False,False,False,False,False,True,False
307,False,False,False,False,False,False,False,False,False,False,False,False,True,False,False,False,False,False,False,False,False
308,False,False,False,True,False,False,False,False,False,False,False,False,False,False,False,False,False,False,False,False,False
309,False,False,False,False,False,False,False,False,False,False,False,False,False,False,False,False,False,False,False,True,False
310,False,True,False,False,False,False,False,False,False,False,False,False,False,False,False,False,False,False,False,False,False
311,False,False,False,False,False,False,False,False,True,False,False,False,False,False,False,False,False,False,False,False,False
312,False,False,False,False,False,False,False,False,False,False,False,False,True,False,False,False,False,False,False,False,False
313,False,False,True,False,False,False,False,False,False,False,False,False,False,False,False,False,False,False,False,False,False
314,False,False,False,True,False,False,False,False,False,False,False,False,False,False,False,False,False,False,False,False,False
315,False,False,False,True,False,False,False,False,False,False,False,False,False,False,False,False,False,False,False,False,False
316,False,False,False,False,False,False,False,False,False,False,False,False,False,False,False,False,False,False,False,True,False
317,False,False,False,False,False,False,False,False,False,True,False,False,False,False,False,False,False,False,False,False,False
318,False,False,False,False,False,False,False,False,False,False,False,False,False,False,False,False,True,False,False,False,False
319,False,False,False,False,False,False,False,False,False,False,True,False,False,False,False,False,False,False,False,False,False
320,False,False,False,False,False,False,False,False,True,False,False,False,False,False,False,False,False,False,False,False,False
321,False,False,False,False,False,False,False,False,False,False,False,False,True,False,False,False,False,False,False,False,False
322,False,False,False,False,False,False,False,False,True,False,False,False,False,False,False,False,False,False,False,False,False
323,False,False,False,False,False,False,False,True,False,False,False,False,False,False,False,False,False,False,False,False,False
324,False,False,False,False,False,False,False,False,False,False,False,False,False,False,True,False,False,False,False,False,False
325,False,True,False,False,False,False,False,False,False,False,False,False,False,False,False,False,False,False,False,False,False
326,False,False,False,False,False,False,False,False,False,True,False,False,False,False,False,False,False,False,False,False,False
327,False,False,False,False,False,False,False,False,False,True,False,False,False,False,False,False,False,False,False,False,False
328,False,False,False,False,False,False,False,False,False,True,False,False,False,False,False,False,False,False,False,False,False
329,False,False,False,False,False,False,False,False,False,False,True,False,False,False,False,False,False,False,False,False,False
330,False,False,False,False,False,False,False,False,False,False,False,False,False,True,False,False,False,False,False,False,False
331,False,False,False,False,False,False,False,False,False,False,False,False,True,False,False,False,False,False,False,False,False
332,False,False,False,False,False,False,False,False,False,False,False,False,False,True,False,False,False,False,False,False,False
333,False,False,False,False,False,False,False,False,False,False,True,False,False,False,False,False,False,False,False,False,False
334,False,False,False,False,False,False,False,False,True,False,False,False,False,False,False,False,False,False,False,False,False
335,False,False,False,False,False,False,False,False,True,False,False,False,False,False,False,False,False,False,False,False,False
336,False,False,False,False,False,False,False,False,True,False,False,False,False,False,False,False,False,False,False,False,False
337,False,False,False,False,False,False,False,False,False,False,False,True,False,False,False,False,False,False,False,False,False
338,False,False,False,False,False,False,False,False,False,False,True,False,False,False,False,False,False,False,False,False,False
339,False,True,False,False,False,False,False,False,False,False,False,False,False,False,False,False,False,False,False,False,False
340,False,False,False,False,False,False,False,False,False,False,True,False,False,False,False,False,False,False,False,False,False
341,False,False,False,False,False,False,False,False,False,False,True,False,False,False,False,False,False,False,False,False,False
342,False,False,False,False,False,False,False,False,False,True,False,False,False,False,False,False,False,False,False,False,False
343,False,False,False,False,False,False,False,False,False,False,False,False,False,False,False,False,False,False,False,True,False
344,False,False,False,False,False,False,False,False,True,False,False,False,False,False,False,False,False,False,False,False,False
345,False,False,False,False,False,False,False,False,False,False,False,False,False,True,False,False,False,False,False,False,False
346,False,False,False,False,False,False,False,False,False,False,True,False,False,False,False,False,False,False,False,False,False
347,False,False,False,False,False,False,False,False,False,False,True,False,False,False,False,False,False,False,False,False,False
348,False,False,False,True,False,False,False,False,False,False,False,False,False,False,False,False,False,False,False,False,False
349,False,False,False,False,False,False,False,False,False,True,False,False,False,False,False,False,False,False,False,False,False
350,False,False,False,False,False,False,False,False,False,True,False,False,False,False,False,False,False,False,False,False,False
351,False,False,False,False,False,False,False,False,False,False,True,False,False,False,False,False,False,False,False,False,False
352,False,False,False,False,False,False,False,False,False,False,False,False,False,False,True,False,False,False,False,False,False
353,False,False,False,False,False,False,False,False,False,True,False,False,False,False,False,False,False,False,False,False,False
354,False,False,False,False,False,False,False,False,True,False,False,False,False,False,False,False,False,False,False,False,False
355,False,False,True,False,False,False,False,False,False,False,False,False,False,False,False,False,False,False,False,False,False
356,False,False,False,False,False,False,False,False,False,False,True,False,False,False,False,False,False,False,False,False,False
357,False,False,False,False,False,False,True,False,False,False,False,False,False,False,False,False,False,False,False,False,False
358,False,True,False,False,False,False,False,False,False,False,False,False,False,False,False,False,False,False,False,False,False
359,False,False,False,False,False,False,False,False,False,True,False,False,False,False,False,False,False,False,False,False,False
360,False,False,False,False,False,False,False,True,False,False,False,False,False,False,False,False,False,False,False,False,False
361,False,False,False,False,False,False,False,False,False,True,False,False,False,False,False,False,False,False,False,False,False
362,False,False,False,False,False,False,False,True,False,False,False,False,False,False,False,False,False,False,False,False,False
363,False,False,False,False,False,False,True,False,False,False,False,False,False,False,False,False,False,False,False,False,False
364,False,False,False,False,False,False,False,False,False,False,False,False,True,False,False,False,False,False,False,False,False
365,False,False,False,False,False,False,False,False,False,False,False,False,False,False,True,False,False,False,False,False,False
366,False,False,False,False,False,False,False,False,False,False,False,False,False,False,False,False,False,False,False,True,False
367,False,False,False,False,False,False,False,False,False,False,True,False,False,False,False,False,False,False,False,False,False
368,False,False,False,False,False,False,False,False,False,False,True,False,False,False,False,False,False,False,False,False,False
369,False,False,False,False,False,False,False,False,False,True,False,False,False,False,False,False,False,False,False,False,False
370,False,False,False,False,False,False,False,False,False,False,True,False,False,False,False,False,False,False,False,False,False
371,False,True,False,False,False,False,False,False,False,False,False,False,False,False,False,False,False,False,False,False,False
372,False,False,False,False,False,False,True,False,False,False,False,False,False,False,False,False,False,False,False,False,False
373,False,False,False,False,False,False,False,False,True,False,False,False,False,False,False,False,False,False,False,False,False
374,False,False,False,False,False,False,False,False,False,False,True,False,False,False,False,False,False,False,False,False,False
375,False,False,False,False,False,False,False,False,False,False,True,False,False,False,False,False,False,False,False,False,False
376,False,False,False,False,False,False,False,False,False,False,True,False,False,False,False,False,False,False,False,False,False
377,False,False,False,False,False,False,False,False,False,False,True,False,False,False,False,False,False,False,False,False,False
378,False,False,False,False,False,False,False,False,False,False,False,False,False,True,False,False,False,False,False,False,False
379,False,False,False,False,False,False,False,False,False,False,True,False,False,False,False,False,False,False,False,False,False
380,False,False,False,False,False,False,True,False,False,False,False,False,False,False,False,False,False,False,False,False,False
381,False,False,False,False,False,False,False,False,False,False,True,False,False,False,False,False,False,False,False,False,False
382,False,False,False,False,False,False,False,False,False,False,False,False,False,True,False,False,False,False,False,False,False
383,False,False,False,False,False,False,False,False,False,False,False,False,True,False,False,False,False,False,False,False,False
384,False,False,True,False,False,False,False,False,False,False,False,False,False,False,False,False,False,False,False,False,False
385,False,False,False,False,False,False,False,False,False,False,True,False,False,False,False,False,False,False,False,False,False
386,False,False,False,False,False,False,False,False,False,False,True,False,False,False,False,False,False,False,False,False,False
387,False,False,False,False,False,False,False,False,False,False,False,False,False,True,False,False,False,False,False,False,False
388,False,False,False,False,False,False,False,False,False,False,True,False,False,False,False,False,False,False,False,False,False
389,False,False,False,False,False,False,False,False,False,False,True,False,False,False,False,False,False,False,False,False,False
390,False,False,False,False,False,False,False,False,False,True,False,False,False,False,False,False,False,False,False,False,False
391,False,False,False,False,False,False,False,False,False,False,False,False,False,True,False,False,False,False,False,False,False
392,False,False,False,False,False,False,False,False,False,False,False,False,False,True,False,False,False,False,False,False,False
393,False,False,False,False,False,False,False,False,True,False,False,False,False,False,False,False,False,False,False,False,False
394,False,False,False,False,False,False,False,False,False,False,True,False,False,False,False,False,False,False,False,False,False
395,False,False,False,False,False,False,False,False,False,True,False,False,False,False,False,False,False,False,False,False,False
396,False,False,False,False,False,False,False,False,False,False,False,False,True,False,False,False,False,False,False,False,False
397,False,False,False,False,False,False,False,False,True,False,False,False,False,False,False,False,False,False,False,False,False
398,False,False,False,False,False,False,False,False,False,False,True,False,False,False,False,False,False,False,False,False,False
399,False,True,False,False,False,False,False,False,False,False,False,False,False,False,False,False,False,False,False,False,False
400,False,False,False,False,True,False,False,False,False,False,False,False,False,False,False,False,False,False,False,False,False
401,False,False,False,False,False,False,False,False,False,True,False,False,False,False,False,False,False,False,False,False,False
402,False,False,False,False,False,False,False,False,False,False,False,False,False,False,False,False,False,False,False,True,False
403,False,False,False,False,False,False,False,False,False,False,False,False,False,False,False,False,False,False,False,True,False
404,False,False,False,False,False,False,False,False,False,False,False,False,False,False,False,False,False,False,False,True,False
405,False,False,False,False,False,False,False,False,False,True,False,False,False,False,False,False,False,False,False,False,False
406,False,False,False,False,False,False,False,False,False,False,False,False,False,True,False,False,False,False,False,False,False
407,False,False,False,False,False,False,False,False,False,False,False,False,False,False,False,False,False,False,False,True,False
408,False,False,False,False,False,False,False,False,False,False,True,False,False,False,False,False,False,False,False,False,False
409,False,False,False,False,False,False,True,False,False,False,False,False,False,False,False,False,False,False,False,False,False
410,False,False,False,False,False,False,False,False,True,False,False,False,False,False,False,False,False,False,False,False,False
411,False,False,False,False,False,False,False,False,False,False,False,False,False,True,False,False,False,False,False,False,False
412,False,False,False,False,False,False,False,False,False,False,True,False,False,False,False,False,False,False,False,False,False
413,False,False,False,False,False,False,False,False,True,False,False,False,False,False,False,False,False,False,False,False,False
414,False,True,False,False,False,False,False,False,False,False,False,False,False,False,False,False,False,False,False,False,False
415,False,False,False,False,True,False,False,False,False,False,False,False,False,False,False,False,False,False,False,False,False
416,False,False,False,False,False,False,False,False,False,False,False,False,False,False,False,False,True,False,False,False,False
417,False,True,False,False,False,False,False,False,False,False,False,False,False,False,False,False,False,False,False,False,False
418,False,False,False,False,False,False,False,False,False,False,True,False,False,False,False,False,False,False,False,False,False
419,False,False,False,False,False,False,False,False,False,False,False,False,False,False,False,False,False,False,False,True,False
420,False,False,False,False,False,False,False,False,False,False,False,False,False,False,False,False,False,False,False,True,False
421,False,False,False,False,False,False,False,False,False,False,False,False,False,False,True,False,False,False,False,False,False
422,False,False,False,False,False,False,False,False,True,False,False,False,False,False,False,False,False,False,False,False,False
423,False,False,False,False,False,False,False,False,False,False,True,False,False,False,False,False,False,False,False,False,False
424,False,False,False,False,False,False,False,False,False,True,False,False,False,False,False,False,False,False,False,False,False
425,False,False,False,False,False,False,False,False,False,False,False,False,False,False,True,False,False,False,False,False,False
426,False,False,False,False,False,False,False,False,False,False,False,False,False,False,False,False,True,False,False,False,False
427,False,False,False,False,True,False,False,False,False,False,False,False,False,False,False,False,False,False,False,False,False
428,False,False,False,True,False,False,False,False,False,False,False,False,False,False,False,False,False,False,False,False,False
429,False,False,False,False,False,False,False,False,False,False,True,False,False,False,False,False,False,False,False,False,False
430,False,True,False,False,False,False,False,False,False,False,False,False,False,False,False,False,False,False,False,False,False
431,False,False,False,False,False,False,False,False,True,False,False,False,False,False,False,False,False,False,False,False,False
432,False,False,False,False,False,False,False,False,False,False,False,False,True,False,False,False,False,False,False,False,False
433,False,False,False,False,False,False,False,False,False,False,False,False,True,False,False,False,False,False,False,False,False
434,False,False,False,False,False,False,False,False,False,False,False,False,False,False,False,False,False,False,False,False,True
435,False,True,False,False,False,False,False,False,False,False,False,False,False,False,False,False,False,False,False,False,False
436,False,True,False,False,False,False,False,False,False,False,False,False,False,False,False,False,False,False,False,False,False
437,False,False,False,True,False,False,False,False,False,False,False,False,False,False,False,False,False,False,False,False,False
438,False,False,False,False,False,False,False,False,False,True,False,False,False,False,False,False,False,False,False,False,False
439,False,False,False,False,False,False,False,False,False,True,False,False,False,False,False,False,False,False,False,False,False
440,False,False,False,True,False,False,False,False,False,False,False,False,False,False,False,False,False,False,False,False,False
441,False,False,False,False,False,False,False,False,False,True,False,False,False,False,False,False,False,False,False,False,False
442,False,False,False,False,False,False,False,False,False,False,True,False,False,False,False,False,False,False,False,False,False
443,False,False,False,False,False,False,False,False,False,True,False,False,False,False,False,False,False,False,False,False,False
444,False,True,False,False,False,False,False,False,False,False,False,False,False,False,False,False,False,False,False,False,False
445,False,False,False,False,False,False,False,False,True,False,False,False,False,False,False,False,False,False,False,False,False
446,False,False,False,False,False,False,False,False,False,False,True,False,False,False,False,False,False,False,False,False,False
447,False,False,False,False,False,False,False,False,False,False,False,False,True,False,False,False,False,False,False,False,False
448,False,False,False,False,False,False,False,False,False,False,True,False,False,False,False,False,False,False,False,False,False
449,False,False,False,False,False,False,False,False,False,False,False,False,False,True,False,False,False,False,False,False,False
450,False,False,False,False,False,False,False,False,False,False,True,False,False,False,False,False,False,False,False,False,False
451,False,False,False,False,False,False,False,False,False,False,False,False,False,False,True,False,False,False,False,False,False
452,False,False,False,False,False,False,False,False,False,False,True,False,False,False,False,False,False,False,False,False,False
453,False,True,False,False,False,False,False,False,False,False,False,False,False,False,False,False,False,False,False,False,False
454,False,False,False,False,False,False,False,False,False,False,False,False,False,False,False,False,False,False,False,True,False
455,False,False,False,False,False,False,False,False,False,False,True,False,False,False,False,False,False,False,False,False,False
456,False,False,False,True,False,False,False,False,False,False,False,False,False,False,False,False,False,False,False,False,False
457,False,False,False,False,False,False,False,False,False,False,False,False,False,True,False,False,False,False,False,False,False
458,False,True,False,False,False,False,False,False,False,False,False,False,False,False,False,False,False,False,False,False,False
459,False,False,False,False,False,False,False,False,False,True,False,False,False,False,False,False,False,False,False,False,False
460,False,False,False,True,False,False,False,False,False,False,False,False,False,False,False,False,False,False,False,False,False
461,False,True,False,False,False,False,False,False,False,False,False,False,False,False,False,False,False,False,False,False,False
462,False,False,False,False,False,False,False,False,True,False,False,False,False,False,False,False,False,False,False,False,False
463,False,False,False,False,False,False,True,False,False,False,False,False,False,False,False,False,False,False,False,False,False
464,False,True,False,False,False,False,False,False,False,False,False,False,False,False,False,False,False,False,False,False,False
465,False,False,False,False,False,False,False,False,False,True,False,False,False,False,False,False,False,False,False,False,False
466,False,False,False,False,False,False,False,False,True,False,False,False,False,False,False,False,False,False,False,False,False
467,False,False,False,False,False,False,False,False,False,True,False,False,False,False,False,False,False,False,False,False,False
468,False,False,False,False,False,False,False,False,False,False,False,False,False,False,True,False,False,False,False,False,False
469,False,False,False,False,False,False,False,False,False,False,False,False,False,False,False,False,False,True,False,False,False
470,False,False,False,False,False,False,False,False,False,False,False,False,False,True,False,False,False,False,False,False,False
471,False,True,False,False,False,False,False,False,False,False,False,False,False,False,False,False,False,False,False,False,False
472,False,False,False,False,False,False,False,False,False,False,True,False,False,False,False,False,False,False,False,False,False
473,False,False,False,False,False,False,False,False,False,False,False,False,False,False,False,False,False,False,False,True,False
474,False,True,False,False,False,False,False,False,False,False,False,False,False,False,False,False,False,False,False,False,False
475,False,False,False,False,False,False,True,False,False,False,False,False,False,False,False,False,False,False,False,False,False
476,False,False,False,False,False,False,False,False,False,False,False,False,False,False,True,False,False,False,False,False,False
477,False,False,False,False,False,False,False,False,False,False,False,False,False,True,False,False,False,False,False,False,False
478,False,False,False,False,False,False,False,False,False,False,False,False,True,False,False,False,False,False,False,False,False
479,False,False,False,False,False,False,False,False,False,False,False,True,False,False,False,False,False,False,False,False,False
480,False,False,False,False,False,False,False,False,False,False,True,False,False,False,False,False,False,False,False,False,False
481,False,False,False,False,False,False,False,False,False,False,False,False,True,False,False,False,False,False,False,False,False
482,False,False,False,False,False,False,False,False,False,False,False,False,False,True,False,False,False,False,False,False,False
483,False,False,False,False,False,False,False,False,False,True,False,False,False,False,False,False,False,False,False,False,False
484,False,False,False,False,False,False,True,False,False,False,False,False,False,False,False,False,False,False,False,False,False
485,False,False,False,False,False,False,False,False,False,False,False,False,False,False,True,False,False,False,False,False,False
486,False,False,False,False,False,False,False,False,False,False,False,False,True,False,False,False,False,False,False,False,False
487,False,False,False,False,False,False,False,False,False,False,True,False,False,False,False,False,False,False,False,False,False
488,False,False,False,False,False,False,False,False,False,False,False,False,True,False,False,False,False,False,False,False,False
489,False,True,False,False,False,False,False,False,False,False,False,False,False,False,False,False,False,False,False,False,False
490,False,False,False,False,False,False,False,False,False,True,False,False,False,False,False,False,False,False,False,False,False
491,False,False,False,False,False,False,False,False,False,False,False,False,False,True,False,False,False,False,False,False,False
492,False,False,False,False,False,False,False,False,False,True,False,False,False,False,False,False,False,False,False,False,False
493,False,False,False,False,False,False,False,False,False,False,False,False,True,False,False,False,False,False,False,False,False
494,False,False,False,False,False,False,False,False,True,False,False,False,False,False,False,False,False,False,False,False,False
495,False,False,False,False,False,False,False,False,False,False,False,False,False,True,False,False,False,False,False,False,False
496,False,False,False,False,False,False,False,False,False,False,False,False,False,True,False,False,False,False,False,False,False
497,False,False,False,False,False,False,False,False,False,True,False,False,False,False,False,False,False,False,False,False,False
498,False,False,False,False,False,False,False,True,False,False,False,False,False,False,False,False,False,False,False,False,False
499,False,False,False,False,False,False,False,False,False,False,False,False,True,False,False,False,False,False,False,False,False
500,False,False,False,True,False,False,False,False,False,False,False,False,False,False,False,False,False,False,False,False,False
501,False,False,False,False,False,False,False,False,False,False,False,False,False,False,False,False,True,False,False,False,False
502,False,False,False,False,False,False,False,False,False,False,True,False,False,False,False,False,False,False,False,False,False
503,False,True,False,False,False,False,False,False,False,False,False,False,False,False,False,False,False,False,False,False,False
504,False,False,False,True,False,False,False,False,False,False,False,False,False,False,False,False,False,False,False,False,False
505,False,False,False,False,True,False,False,False,False,False,False,False,False,False,False,False,False,False,False,False,False
506,False,True,False,False,False,False,False,False,False,False,False,False,False,False,False,False,False,False,False,False,False
507,False,False,False,False,False,False,False,False,False,False,False,False,False,False,False,False,False,False,True,False,False
508,False,False,False,False,False,True,False,False,False,False,False,False,False,False,False,False,False,False,False,False,False
509,False,False,False,False,False,False,False,False,False,False,False,False,False,True,False,False,False,False,False,False,False
510,False,False,False,False,False,False,False,False,False,False,False,False,False,False,False,False,False,False,True,False,False
511,False,False,False,False,False,False,False,False,False,False,False,False,True,False,False,False,False,False,False,False,False
512,False,False,False,False,False,False,False,False,False,True,False,False,False,False,False,False,False,False,False,False,False
513,False,False,False,False,False,False,False,False,False,False,False,False,False,False,False,False,False,False,True,False,False
514,False,False,False,False,False,False,False,False,False,False,False,False,True,False,False,False,False,False,False,False,False
515,False,True,False,False,False,False,False,False,False,False,False,False,False,False,False,False,False,False,False,False,False
516,False,False,False,False,True,False,False,False,False,False,False,False,False,False,False,False,False,False,False,False,False
517,False,False,False,False,True,False,False,False,False,False,False,False,False,False,False,False,False,False,False,False,False
518,False,True,False,False,False,False,False,False,False,False,False,False,False,False,False,False,False,False,False,False,False
519,False,False,False,False,True,False,False,False,False,False,False,False,False,False,False,False,False,False,False,False,False
520,False,False,False,False,False,False,False,False,False,False,True,False,False,False,False,False,False,False,False,False,False
521,False,False,False,False,False,False,False,False,False,False,False,False,False,False,False,False,False,False,False,False,True
522,False,False,False,False,False,False,False,False,False,False,False,False,True,False,False,False,False,False,False,False,False
523,False,False,False,False,True,False,False,False,False,False,False,False,False,False,False,False,False,False,False,False,False
524,False,True,False,False,False,False,False,False,False,False,False,False,False,False,False,False,False,False,False,False,False
525,False,False,False,False,True,False,False,False,False,False,False,False,False,False,False,False,False,False,False,False,False
526,False,True,False,False,False,False,False,False,False,False,False,False,False,False,False,False,False,False,False,False,False
527,False,False,False,False,False,False,True,False,False,False,False,False,False,False,False,False,False,False,False,False,False
528,False,False,False,False,False,True,False,False,False,False,False,False,False,False,False,False,False,False,False,False,False
529,False,False,False,False,False,False,False,False,False,False,False,False,False,False,False,False,True,False,False,False,False
530,False,True,False,False,False,False,False,False,False,False,False,False,False,False,False,False,False,False,False,False,False
531,False,True,False,False,False,False,False,False,False,False,False,False,False,False,False,False,False,False,False,False,False
532,False,False,False,False,False,False,False,False,False,False,True,False,False,False,False,False,False,False,False,False,False
533,False,False,False,False,False,False,False,False,False,True,False,False,False,False,False,False,False,False,False,False,False
534,False,True,False,False,False,False,False,False,False,False,False,False,False,False,False,False,False,False,False,False,False
535,False,False,False,False,False,False,False,False,False,False,True,False,False,False,False,False,False,False,False,False,False
536,False,False,False,False,False,False,False,False,False,True,False,False,False,False,False,False,False,False,False,False,False
537,False,False,False,False,False,False,True,False,False,False,False,False,False,False,False,False,False,False,False,False,False
538,False,False,False,False,False,True,False,False,False,False,False,False,False,False,False,False,False,False,False,False,False
539,False,True,False,False,False,False,False,False,False,False,False,False,False,False,False,False,False,False,False,False,False
540,False,True,False,False,False,False,False,False,False,False,False,False,False,False,False,False,False,False,False,False,False
541,False,False,False,False,False,False,False,False,False,False,False,False,True,False,False,False,False,False,False,False,False
542,False,False,False,False,False,False,False,False,False,True,False,False,False,False,False,False,False,False,False,False,False
543,False,True,False,False,False,False,False,False,False,False,False,False,False,False,False,False,False,False,False,False,False
544,False,False,False,False,False,False,False,False,False,False,True,False,False,False,False,False,False,False,False,False,False
545,False,False,False,False,False,False,False,False,False,True,False,False,False,False,False,False,False,False,False,False,False
546,False,False,False,False,False,False,False,False,False,True,False,False,False,False,False,False,False,False,False,False,False
547,False,True,False,False,False,False,False,False,False,False,False,False,False,False,False,False,False,False,False,False,False
548,False,False,False,False,False,False,False,False,False,False,False,False,True,False,False,False,False,False,False,False,False
549,False,False,False,False,False,False,True,False,False,False,False,False,False,False,False,False,False,False,False,False,False
550,False,False,False,False,False,False,False,False,False,False,False,False,False,False,False,False,True,False,False,False,False
551,False,False,False,False,False,False,False,False,False,False,False,False,False,False,True,False,False,False,False,False,False
552,False,True,False,False,False,False,False,False,False,False,False,False,False,False,False,False,False,False,False,False,False
553,False,False,False,False,True,False,False,False,False,False,False,False,False,False,False,False,False,False,False,False,False
554,False,True,False,False,False,False,False,False,False,False,False,False,False,False,False,False,False,False,False,False,False
555,False,False,False,False,False,False,False,False,False,False,True,False,False,False,False,False,False,False,False,False,False
556,False,False,False,False,False,False,False,False,False,False,False,False,True,False,False,False,False,False,False,False,False
557,False,True,False,False,False,False,False,False,False,False,False,False,False,False,False,False,False,False,False,False,False
558,False,False,False,True,False,False,False,False,False,False,False,False,False,False,False,False,False,False,False,False,False
559,False,True,False,False,False,False,False,False,False,False,False,False,False,False,False,False,False,False,False,False,False
560,False,True,False,False,False,False,False,False,False,False,False,False,False,False,False,False,False,False,False,False,False
561,False,True,False,False,False,False,False,False,False,False,False,False,False,False,False,False,False,False,False,False,False
562,False,False,False,False,False,False,False,False,False,False,False,False,True,False,False,False,False,False,False,False,False
563,False,False,False,False,False,False,False,False,False,False,False,False,False,False,True,False,False,False,False,False,False
564,False,False,False,False,True,False,False,False,False,False,False,False,False,False,False,False,False,False,False,False,False
565,False,False,False,True,False,False,False,False,False,False,False,False,False,False,False,False,False,False,False,False,False
566,False,True,False,False,False,False,False,False,False,False,False,False,False,False,False,False,False,False,False,False,False
567,False,True,False,False,False,False,False,False,False,False,False,False,False,False,False,False,False,False,False,False,False
568,False,True,False,False,False,False,False,False,False,False,False,False,False,False,False,False,False,False,False,False,False
569,False,False,False,False,False,False,False,True,False,False,False,False,False,False,False,False,False,False,False,False,False
570,False,False,False,True,False,False,False,False,False,False,False,False,False,False,False,False,False,False,False,False,False
571,False,False,False,True,False,False,False,False,False,False,False,False,False,False,False,False,False,False,False,False,False
572,False,False,False,False,False,False,False,False,False,False,False,False,True,False,False,False,False,False,False,False,False
573,False,False,False,False,False,False,False,False,False,False,False,False,True,False,False,False,False,False,False,False,False
574,False,False,False,True,False,False,False,False,False,False,False,False,False,False,False,False,False,False,False,False,False
575,False,False,False,False,False,False,False,False,False,False,False,False,True,False,False,False,False,False,False,False,False
576,False,False,False,False,False,False,False,False,False,False,False,False,False,False,False,False,False,False,True,False,False
577,False,False,False,False,False,False,False,False,False,False,False,False,True,False,False,False,False,False,False,False,False
578,False,False,False,True,False,False,False,False,False,False,False,False,False,False,False,False,False,False,False,False,False
579,False,False,False,False,False,False,False,True,False,False,False,False,False,False,False,False,False,False,False,False,False
580,False,False,False,True,False,False,False,False,False,False,False,False,False,False,False,False,False,False,False,False,False
581,False,False,False,False,False,False,False,False,False,False,True,False,False,False,False,False,False,False,False,False,False
582,False,False,False,False,False,False,True,False,False,False,False,False,False,False,False,False,False,False,False,False,False
583,False,False,False,False,False,False,False,False,False,False,True,False,False,False,False,False,False,False,False,False,False
584,False,False,False,False,False,False,False,False,False,False,True,False,False,False,False,False,False,False,False,False,False
585,False,False,False,False,False,False,False,False,False,False,True,False,False,False,False,False,False,False,False,False,False
586,False,True,False,False,False,False,False,False,False,False,False,False,False,False,False,False,False,False,False,False,False
587,False,False,False,False,False,False,False,False,False,False,False,False,False,False,False,False,True,False,False,False,False
588,False,False,False,False,False,False,False,False,False,False,True,False,False,False,False,False,False,False,False,False,False
589,False,True,False,False,False,False,False,False,False,False,False,False,False,False,False,False,False,False,False,False,False
590,False,False,False,False,False,False,False,False,False,False,True,False,False,False,False,False,False,False,False,False,False
591,False,False,False,True,False,False,False,False,False,False,False,False,False,False,False,False,False,False,False,False,False
592,False,False,False,False,False,False,False,False,False,False,False,False,False,True,False,False,False,False,False,False,False
593,False,False,False,False,False,False,False,False,False,False,True,False,False,False,False,False,False,False,False,False,False
594,False,False,False,False,True,False,False,False,False,False,False,False,False,False,False,False,False,False,False,False,False
595,False,False,False,False,False,False,False,False,False,False,True,False,False,False,False,False,False,False,False,False,False
596,False,True,False,False,False,False,False,False,False,False,False,False,False,False,False,False,False,False,False,False,False
597,False,False,False,False,False,False,False,False,False,False,True,False,False,False,False,False,False,False,False,False,False
598,False,False,False,False,False,False,False,False,False,False,True,False,False,False,False,False,False,False,False,False,False
599,False,True,False,False,False,False,False,False,False,False,False,False,False,False,False,False,False,False,False,False,False
600,False,False,False,True,False,False,False,False,False,False,False,False,False,False,False,False,False,False,False,False,False
601,False,False,False,False,False,False,False,False,False,False,False,False,True,False,False,False,False,False,False,False,False
602,False,False,False,False,False,False,False,False,False,False,True,False,False,False,False,False,False,False,False,False,False
603,False,False,False,False,True,False,False,False,False,False,False,False,False,False,False,False,False,False,False,False,False
604,False,False,False,True,False,False,False,False,False,False,False,False,False,False,False,False,False,False,False,False,False
605,False,False,False,False,False,False,False,False,False,False,True,False,False,False,False,False,False,False,False,False,False
606,False,False,False,False,False,False,False,False,False,False,True,False,False,False,False,False,False,False,False,False,False
607,False,False,False,False,False,False,False,False,False,False,True,False,False,False,False,False,False,False,False,False,False
608,False,False,False,False,False,False,False,True,False,False,False,False,False,False,False,False,False,False,False,False,False
609,False,False,False,False,False,True,False,False,False,False,False,False,False,False,False,False,False,False,False,False,False
610,False,False,False,False,False,False,False,False,False,False,True,False,False,False,False,False,False,False,False,False,False
611,False,True,False,False,False,False,False,False,False,False,False,False,False,False,False,False,False,False,False,False,False
612,False,False,False,False,False,False,False,False,False,False,True,False,False,False,False,False,False,False,False,False,False
613,False,False,False,False,False,False,False,False,False,False,False,False,False,False,False,False,True,False,False,False,False
614,False,True,False,False,False,False,False,False,False,False,False,False,False,False,False,False,False,False,False,False,False
615,False,False,False,False,False,False,False,False,False,False,True,False,False,False,False,False,False,False,False,False,False
616,False,False,False,False,False,False,False,False,False,False,True,False,False,False,False,False,False,False,False,False,False
617,False,False,False,False,False,True,False,False,False,False,False,False,False,False,False,False,False,False,False,False,False
618,False,False,False,False,False,False,False,False,False,False,True,False,False,False,False,False,False,False,False,False,False
619,False,False,False,False,False,False,False,False,False,False,False,False,False,False,False,False,True,False,False,False,False
620,False,False,False,False,False,False,False,False,False,False,False,False,False,False,False,False,False,False,False,False,True
621,False,False,False,False,False,False,False,False,False,False,False,False,False,False,False,False,True,False,False,False,False
622,False,False,False,False,False,False,False,False,False,False,False,False,False,False,False,False,False,False,False,False,True
623,False,False,False,False,False,False,False,False,False,False,True,False,False,False,False,False,False,False,False,False,False
624,False,True,False,False,False,False,False,False,False,False,False,False,False,False,False,False,False,False,False,False,False
625,False,False,False,False,False,False,False,False,False,False,True,False,False,False,False,False,False,False,False,False,False
626,False,True,False,False,False,False,False,False,False,False,False,False,False,False,False,False,False,False,False,False,False
627,False,False,False,True,False,False,False,False,False,False,False,False,False,False,False,False,False,False,False,False,False
628,False,False,False,False,False,True,False,False,False,False,False,False,False,False,False,False,False,False,False,False,False
629,False,True,False,False,False,False,False,False,False,False,False,False,False,False,False,False,False,False,False,False,False
630,False,False,False,False,False,False,False,False,False,False,True,False,False,False,False,False,False,False,False,False,False
631,False,False,False,False,False,False,False,False,False,False,True,False,False,False,False,False,False,False,False,False,False
632,False,False,False,False,False,False,False,False,False,False,True,False,False,False,False,False,False,False,False,False,False
633,False,False,False,True,False,False,False,False,False,False,False,False,False,False,False,False,False,False,False,False,False
634,False,False,False,False,False,False,False,False,False,False,True,False,False,False,False,False,False,False,False,False,False
635,False,False,False,False,False,False,False,False,False,False,False,False,False,False,False,False,True,False,False,False,False
636,False,False,False,False,False,False,False,False,False,False,True,False,False,False,False,False,False,False,False,False,False
637,False,True,False,False,False,False,False,False,False,False,False,False,False,False,False,False,False,False,False,False,False
638,False,False,False,False,False,False,False,False,False,False,True,False,False,False,False,False,False,False,False,False,False
639,False,False,False,False,False,False,True,False,False,False,False,False,False,False,False,False,False,False,False,False,False
640,False,False,False,False,False,False,False,False,False,False,False,False,False,False,False,False,False,False,False,False,True
641,False,False,False,False,False,False,False,False,False,False,True,False,False,False,False,False,False,False,False,False,False
642,False,False,False,False,False,False,False,False,False,False,False,False,False,False,False,False,True,False,False,False,False
643,False,False,False,False,False,False,False,False,False,False,True,False,False,False,False,False,False,False,False,False,False
644,False,False,False,True,False,False,False,False,False,False,False,False,False,False,False,False,False,False,False,False,False
645,False,False,False,False,False,False,False,False,False,False,True,False,False,False,False,False,False,False,False,False,False
646,False,False,False,False,False,False,False,False,False,False,True,False,False,False,False,False,False,False,False,False,False
647,False,False,False,False,False,False,False,False,False,False,False,False,False,False,False,True,False,False,False,False,False
648,False,False,False,False,False,False,False,True,False,False,False,False,False,False,False,False,False,False,False,False,False
649,False,False,False,False,False,False,False,False,False,False,True,False,False,False,False,False,False,False,False,False,False
650,False,False,False,False,False,False,False,False,False,False,True,False,False,False,False,False,False,False,False,False,False
651,False,False,False,True,False,False,False,False,False,False,False,False,False,False,False,False,False,False,False,False,False
652,False,False,False,False,False,False,True,False,False,False,False,False,False,False,False,False,False,False,False,False,False
653,False,False,False,False,True,False,False,False,False,False,False,False,False,False,False,False,False,False,False,False,False
654,False,True,False,False,False,False,False,False,False,False,False,False,False,False,False,False,False,False,False,False,False
655,False,False,False,False,False,False,False,False,False,True,False,False,False,False,False,False,False,False,False,False,False
656,False,True,False,False,False,False,False,False,False,False,False,False,False,False,False,False,False,False,False,False,False
657,False,False,False,False,False,False,False,False,False,False,False,False,False,False,False,False,True,False,False,False,False
658,False,False,False,False,False,False,True,False,False,False,False,False,False,False,False,False,False,False,False,False,False
659,False,False,False,True,False,False,False,False,False,False,False,False,False,False,False,False,False,False,False,False,False
660,False,False,False,False,True,False,False,False,False,False,False,False,False,False,False,False,False,False,False,False,False
661,False,False,False,False,False,False,False,False,False,False,False,False,True,False,False,False,False,False,False,False,False
662,False,False,False,False,False,False,False,False,False,False,False,False,False,False,False,False,False,False,False,True,False
663,False,True,False,False,False,False,False,False,False,False,False,False,False,False,False,False,False,False,False,False,False
664,False,False,False,False,False,False,False,False,False,True,False,False,False,False,False,False,False,False,False,False,False
665,False,False,False,False,False,False,False,False,False,True,False,False,False,False,False,False,False,False,False,False,False
666,False,False,False,True,False,False,False,False,False,False,False,False,False,False,False,False,False,False,False,False,False
667,False,True,False,False,False,False,False,False,False,False,False,False,False,False,False,False,False,False,False,False,False
668,False,False,False,False,False,True,False,False,False,False,False,False,False,False,False,False,False,False,False,False,False
669,False,False,False,True,False,False,False,False,False,False,False,False,False,False,False,False,False,False,False,False,False
670,False,False,False,False,False,False,False,True,False,False,False,False,False,False,False,False,False,False,False,False,False
671,False,True,False,False,False,False,False,False,False,False,False,False,False,False,False,False,False,False,False,False,False
672,False,False,False,False,False,False,False,False,False,False,False,False,False,False,False,False,False,False,False,True,False
673,False,False,False,True,False,False,False,False,False,False,False,False,False,False,False,False,False,False,False,False,False
674,False,False,False,False,False,False,False,False,False,True,False,False,False,False,False,False,False,False,False,False,False
675,False,False,False,False,False,False,False,False,False,False,False,False,False,True,False,False,False,False,False,False,False
676,False,False,False,False,False,True,False,False,False,False,False,False,False,False,False,False,False,False,False,False,False
677,False,False,False,False,False,False,False,False,False,True,False,False,False,False,False,False,False,False,False,False,False
678,False,False,False,False,False,False,False,False,False,False,False,False,False,False,True,False,False,False,False,False,False
679,False,False,False,True,False,False,False,False,False,False,False,False,False,False,False,False,False,False,False,False,False
680,False,False,False,False,False,False,False,False,False,False,False,False,True,False,False,False,False,False,False,False,False
681,False,False,False,False,False,False,False,False,False,False,False,False,False,True,False,False,False,False,False,False,False
682,False,False,False,False,False,False,False,False,False,False,False,False,False,False,True,False,False,False,False,False,False
683,False,False,False,False,False,False,False,False,False,False,False,False,False,True,False,False,False,False,False,False,False
684,False,False,False,True,False,False,False,False,False,False,False,False,False,False,False,False,False,False,False,False,False
685,False,False,False,False,False,False,False,False,False,False,False,False,False,False,False,False,False,False,False,True,False
686,False,False,False,False,False,False,False,False,False,False,False,False,False,False,False,False,False,False,False,True,False
687,False,False,False,False,False,False,False,False,False,True,False,False,False,False,False,False,False,False,False,False,False
688,False,False,False,False,False,False,False,False,False,False,False,False,False,False,False,False,False,False,False,True,False
689,False,False,False,True,False,False,False,False,False,False,False,False,False,False,False,False,False,False,False,False,False
690,False,False,False,False,False,False,False,False,True,False,False,False,False,False,False,False,False,False,False,False,False
691,False,False,False,False,False,False,False,False,False,False,False,False,True,False,False,False,False,False,False,False,False
692,False,False,False,False,False,False,False,True,False,False,False,False,False,False,False,False,False,False,False,False,False
693,False,False,False,False,False,True,False,False,False,False,False,False,False,False,False,False,False,False,False,False,False
694,False,False,False,False,False,False,False,False,False,False,False,False,True,False,False,False,False,False,False,False,False
695,False,False,False,False,False,False,False,False,False,False,False,False,True,False,False,False,False,False,False,False,False
696,False,True,False,False,False,False,False,False,False,False,False,False,False,False,False,False,False,False,False,False,False
697,False,True,False,False,False,False,False,False,False,False,False,False,False,False,False,False,False,False,False,False,False
698,False,False,False,False,False,True,False,False,False,False,False,False,False,False,False,False,False,False,False,False,False
699,False,False,False,False,False,False,False,False,False,False,False,False,True,False,False,False,False,False,False,False,False
